"","x"
"1","p001"
"2","p002"
"3","p003"
"4","p004"
"5","p005"
"6","p006"
"7","p007"
"8","p008"
"9","p009"
"10","p010"
"11","p011"
"12","p012"
"13","p013"
"14","p014"
"15","p015"
"16","p016"
"17","p017"
"18","p018"
"19","p019"
"20","p020"
"21","p021"
"22","p022"
"23","p023"
"24","p024"
"25","p025"
"26","p026"
"27","p027"
"28","p028"
"29","p029"
"30","p030"
"31","p031"
"32","p032"
"33","p033"
"34","p034"
"35","p035"
"36","p036"
"37","p037"
"38","p038"
"39","p039"
"40","p040"
"41","p041"
"42","p042"
"43","p043"
"44","p044"
"45","p045"
"46","p046"
"47","p047"
"48","p048"
"49","p049"
"50","p050"
"51","p051"
"52","p052"
"53","p053"
"54","p054"
"55","p055"
"56","p056"
"57","p057"
"58","p058"
"59","p059"
"60","p060"
"61","p061"
"62","p062"
"63","p063"
"64","p064"
"65","p065"
"66","p066"
"67","p067"
"68","p068"
"69","p069"
"70","p070"
"71","p071"
"72","p072"
"73","p073"
"74","p074"
"75","p075"
"76","p076"
"77","p077"
"78","p078"
"79","p079"
"80","p080"
"81","p081"
"82","p082"
"83","p083"
"84","p084"
"85","p085"
"86","p086"
"87","p087"
"88","p088"
"89","p089"
"90","p090"
"91","p091"
"92","p092"
"93","p093"
"94","p094"
"95","p095"
"96","p096"
"97","p097"
"98","p098"
"99","p099"
"100","p100"
